pair,formation_period,trading_period,cumulative_returns
"('AVB', 'BXP')","(datetime.date(2000, 1, 3), datetime.date(2001, 1, 1))","(datetime.date(2001, 1, 2), datetime.date(2001, 1, 31))",-0.11479568481445668
"('CPT', 'REG')","(datetime.date(2000, 2, 2), datetime.date(2001, 1, 31))","(datetime.date(2001, 2, 1), datetime.date(2001, 3, 2))",0.08575057983398438
"('CPT', 'EQR')","(datetime.date(2000, 3, 3), datetime.date(2001, 3, 2))","(datetime.date(2001, 3, 3), datetime.date(2001, 4, 1))",-0.11871528625488104
"('NUE', 'WY')","(datetime.date(2000, 4, 3), datetime.date(2001, 4, 2))","(datetime.date(2001, 4, 3), datetime.date(2001, 5, 2))",0.09316444396972479
"('CPT', 'EQR')","(datetime.date(2000, 5, 3), datetime.date(2001, 5, 2))","(datetime.date(2001, 5, 3), datetime.date(2001, 6, 1))",0.21002674102783203
"('CPT', 'EQR')","(datetime.date(2000, 6, 2), datetime.date(2001, 6, 1))","(datetime.date(2001, 6, 2), datetime.date(2001, 7, 1))",-0.03009891510010121
"('FRT', 'MAA')","(datetime.date(2000, 7, 3), datetime.date(2001, 7, 2))","(datetime.date(2001, 7, 3), datetime.date(2001, 8, 1))",0.4458017349243164
"('FRT', 'MAA')","(datetime.date(2000, 8, 2), datetime.date(2001, 8, 1))","(datetime.date(2001, 8, 2), datetime.date(2001, 8, 31))",0.32397937774658025
"('FRT', 'MAA')","(datetime.date(2000, 8, 31), datetime.date(2001, 8, 30))","(datetime.date(2001, 8, 31), datetime.date(2001, 9, 29))",0.22407054901123225
"('FRT', 'MAA')","(datetime.date(2000, 10, 2), datetime.date(2001, 10, 1))","(datetime.date(2001, 10, 2), datetime.date(2001, 10, 31))",0.0
"('FRT', 'MAA')","(datetime.date(2000, 10, 31), datetime.date(2001, 10, 30))","(datetime.date(2001, 10, 31), datetime.date(2001, 11, 29))",0.5660514831542987
"('FRT', 'MAA')","(datetime.date(2000, 11, 30), datetime.date(2001, 11, 29))","(datetime.date(2001, 11, 30), datetime.date(2001, 12, 29))",0.0
"('FRT', 'MAA')","(datetime.date(2001, 1, 2), datetime.date(2002, 1, 1))","(datetime.date(2002, 1, 2), datetime.date(2002, 1, 31))",-0.4014873504638672
"('MSI', 'QCOM')","(datetime.date(2001, 2, 1), datetime.date(2002, 1, 31))","(datetime.date(2002, 2, 1), datetime.date(2002, 3, 2))",-1.3715028762817383
"('MSI', 'QCOM')","(datetime.date(2001, 3, 5), datetime.date(2002, 3, 4))","(datetime.date(2002, 3, 5), datetime.date(2002, 4, 3))",0.0
"('AVB', 'CPT')","(datetime.date(2001, 4, 3), datetime.date(2002, 4, 2))","(datetime.date(2002, 4, 3), datetime.date(2002, 5, 2))",-0.31295871734618963
"('UPS', 'WY')","(datetime.date(2001, 5, 3), datetime.date(2002, 5, 2))","(datetime.date(2002, 5, 3), datetime.date(2002, 6, 1))",0.0
"('T', 'VZ')","(datetime.date(2001, 6, 4), datetime.date(2002, 6, 3))","(datetime.date(2002, 6, 4), datetime.date(2002, 7, 3))",-0.024646282196044922
"('CCL', 'HON')","(datetime.date(2001, 7, 3), datetime.date(2002, 7, 2))","(datetime.date(2002, 7, 3), datetime.date(2002, 8, 1))",-0.6331081390380859
"('A', 'AAPL')","(datetime.date(2001, 8, 2), datetime.date(2002, 8, 1))","(datetime.date(2002, 8, 2), datetime.date(2002, 8, 31))",-2.0629734098911285
"('A', 'AAPL')","(datetime.date(2001, 8, 31), datetime.date(2002, 8, 30))","(datetime.date(2002, 8, 31), datetime.date(2002, 9, 29))",-0.2511134296655655
"('CCL', 'TXT')","(datetime.date(2001, 10, 8), datetime.date(2002, 10, 7))","(datetime.date(2002, 10, 8), datetime.date(2002, 11, 6))",-0.16070461273193537
"('AMT', 'GLW')","(datetime.date(2001, 11, 6), datetime.date(2002, 11, 5))","(datetime.date(2002, 11, 6), datetime.date(2002, 12, 5))",0.0
"('AMT', 'GLW')","(datetime.date(2001, 12, 6), datetime.date(2002, 12, 5))","(datetime.date(2002, 12, 6), datetime.date(2003, 1, 4))",0.02159309387206987
"('AMT', 'GLW')","(datetime.date(2002, 1, 8), datetime.date(2003, 1, 7))","(datetime.date(2003, 1, 8), datetime.date(2003, 2, 6))",0.8314723968505859
"('INCY', 'PTC')","(datetime.date(2002, 2, 7), datetime.date(2003, 2, 6))","(datetime.date(2003, 2, 7), datetime.date(2003, 3, 8))",0.15499973297119096
"('INCY', 'PTC')","(datetime.date(2002, 3, 11), datetime.date(2003, 3, 10))","(datetime.date(2003, 3, 11), datetime.date(2003, 4, 9))",0.0
"('INCY', 'PTC')","(datetime.date(2002, 4, 10), datetime.date(2003, 4, 9))","(datetime.date(2003, 4, 10), datetime.date(2003, 5, 9))",-1.4150002002716064
"('BKNG', 'VRSN')","(datetime.date(2002, 5, 9), datetime.date(2003, 5, 8))","(datetime.date(2003, 5, 9), datetime.date(2003, 6, 7))",0.0
"('BKNG', 'VRSN')","(datetime.date(2002, 6, 10), datetime.date(2003, 6, 9))","(datetime.date(2003, 6, 10), datetime.date(2003, 7, 9))",0.0
"('BKNG', 'VRSN')","(datetime.date(2002, 7, 10), datetime.date(2003, 7, 9))","(datetime.date(2003, 7, 10), datetime.date(2003, 8, 8))",-5.8948364257812536
"('AKAM', 'EQIX')","(datetime.date(2002, 8, 8), datetime.date(2003, 8, 7))","(datetime.date(2003, 8, 8), datetime.date(2003, 9, 6))",1.0948934555053693
"('AKAM', 'EQIX')","(datetime.date(2002, 9, 9), datetime.date(2003, 9, 8))","(datetime.date(2003, 9, 9), datetime.date(2003, 10, 8))",0.791717052459715
"('AKAM', 'EQIX')","(datetime.date(2002, 10, 8), datetime.date(2003, 10, 7))","(datetime.date(2003, 10, 8), datetime.date(2003, 11, 6))",-2.5567364692688006
"('AKAM', 'EQIX')","(datetime.date(2002, 11, 6), datetime.date(2003, 11, 5))","(datetime.date(2003, 11, 6), datetime.date(2003, 12, 5))",1.0153923034667969
"('AKAM', 'EQIX')","(datetime.date(2002, 12, 6), datetime.date(2003, 12, 5))","(datetime.date(2003, 12, 6), datetime.date(2004, 1, 4))",-0.3563346862792951
"('AKAM', 'EQIX')","(datetime.date(2003, 1, 8), datetime.date(2004, 1, 7))","(datetime.date(2004, 1, 8), datetime.date(2004, 2, 6))",5.43351459503174
"('MSI', 'QCOM')","(datetime.date(2003, 2, 7), datetime.date(2004, 2, 6))","(datetime.date(2004, 2, 7), datetime.date(2004, 3, 7))",3.0279903411865163
"('MSI', 'QCOM')","(datetime.date(2003, 3, 11), datetime.date(2004, 3, 9))","(datetime.date(2004, 3, 10), datetime.date(2004, 4, 8))",0.12318229675292969
"('MSI', 'QCOM')","(datetime.date(2003, 4, 9), datetime.date(2004, 4, 7))","(datetime.date(2004, 4, 8), datetime.date(2004, 5, 7))",2.2682666778564453
"('MSI', 'QCOM')","(datetime.date(2003, 5, 9), datetime.date(2004, 5, 7))","(datetime.date(2004, 5, 8), datetime.date(2004, 6, 6))",3.7607383728027415
"('INCY', 'PTC')","(datetime.date(2003, 6, 10), datetime.date(2004, 6, 8))","(datetime.date(2004, 6, 9), datetime.date(2004, 7, 8))",-0.21999979019164861
"('AMT', 'CCI')","(datetime.date(2003, 7, 10), datetime.date(2004, 7, 8))","(datetime.date(2004, 7, 9), datetime.date(2004, 8, 7))",0.20059585571289062
"('BKNG', 'VRSN')","(datetime.date(2003, 8, 8), datetime.date(2004, 8, 6))","(datetime.date(2004, 8, 7), datetime.date(2004, 9, 5))",0.06818675994873225
"('BKNG', 'VRSN')","(datetime.date(2003, 9, 9), datetime.date(2004, 9, 7))","(datetime.date(2004, 9, 8), datetime.date(2004, 10, 7))",-0.07910156249999645
"('BKNG', 'EQIX')","(datetime.date(2003, 10, 8), datetime.date(2004, 10, 6))","(datetime.date(2004, 10, 7), datetime.date(2004, 11, 5))",1.0808849334716761
"('BKNG', 'EQIX')","(datetime.date(2003, 11, 6), datetime.date(2004, 11, 4))","(datetime.date(2004, 11, 5), datetime.date(2004, 12, 4))",-0.07445526123046875
"('BKNG', 'EQIX')","(datetime.date(2003, 12, 8), datetime.date(2004, 12, 6))","(datetime.date(2004, 12, 7), datetime.date(2005, 1, 5))",0.7086677551269531
"('BKNG', 'EQIX')","(datetime.date(2004, 1, 8), datetime.date(2005, 1, 6))","(datetime.date(2005, 1, 7), datetime.date(2005, 2, 5))",-3.051361083984375
"('BKNG', 'EQIX')","(datetime.date(2004, 2, 9), datetime.date(2005, 2, 7))","(datetime.date(2005, 2, 8), datetime.date(2005, 3, 9))",5.990821838378903
"('BKNG', 'EQIX')","(datetime.date(2004, 3, 10), datetime.date(2005, 3, 9))","(datetime.date(2005, 3, 10), datetime.date(2005, 4, 8))",-0.031080245971679688
"('BKNG', 'EQIX')","(datetime.date(2004, 4, 8), datetime.date(2005, 4, 7))","(datetime.date(2005, 4, 8), datetime.date(2005, 5, 7))",1.315261840820316
"('BKNG', 'EQIX')","(datetime.date(2004, 5, 10), datetime.date(2005, 5, 9))","(datetime.date(2005, 5, 10), datetime.date(2005, 6, 8))",0.0
"('BKNG', 'EQIX')","(datetime.date(2004, 6, 9), datetime.date(2005, 6, 8))","(datetime.date(2005, 6, 9), datetime.date(2005, 7, 8))",-0.13512420654296875
"('BKNG', 'EQIX')","(datetime.date(2004, 7, 12), datetime.date(2005, 7, 11))","(datetime.date(2005, 7, 12), datetime.date(2005, 8, 10))",1.0834083557128906
"('BKNG', 'EQIX')","(datetime.date(2004, 8, 10), datetime.date(2005, 8, 9))","(datetime.date(2005, 8, 10), datetime.date(2005, 9, 8))",0.0
"('GOOGL', 'GOOG')","(datetime.date(2004, 9, 9), datetime.date(2005, 9, 8))","(datetime.date(2005, 9, 9), datetime.date(2005, 10, 8))",0.0
"('GOOGL', 'GOOG')","(datetime.date(2004, 10, 8), datetime.date(2005, 10, 7))","(datetime.date(2005, 10, 8), datetime.date(2005, 11, 6))",-0.005941390991209161
"('GOOGL', 'GOOG')","(datetime.date(2004, 11, 8), datetime.date(2005, 11, 7))","(datetime.date(2005, 11, 8), datetime.date(2005, 12, 7))",-0.001683235168460584
"('GOOGL', 'GOOG')","(datetime.date(2004, 12, 8), datetime.date(2005, 12, 7))","(datetime.date(2005, 12, 8), datetime.date(2006, 1, 6))",-0.006467819213863635
"('GOOGL', 'GOOG')","(datetime.date(2005, 1, 7), datetime.date(2006, 1, 6))","(datetime.date(2006, 1, 7), datetime.date(2006, 2, 5))",0.00911045074462713
"('GOOGL', 'GOOG')","(datetime.date(2005, 2, 8), datetime.date(2006, 2, 7))","(datetime.date(2006, 2, 8), datetime.date(2006, 3, 9))",0.0
"('GOOGL', 'GOOG')","(datetime.date(2005, 3, 10), datetime.date(2006, 3, 9))","(datetime.date(2006, 3, 10), datetime.date(2006, 4, 8))",0.0
"('GOOGL', 'GOOG')","(datetime.date(2005, 4, 11), datetime.date(2006, 4, 10))","(datetime.date(2006, 4, 11), datetime.date(2006, 5, 10))",0.0
"('GOOGL', 'GOOG')","(datetime.date(2005, 5, 10), datetime.date(2006, 5, 9))","(datetime.date(2006, 5, 10), datetime.date(2006, 6, 8))",0.0
"('GOOGL', 'GOOG')","(datetime.date(2005, 6, 9), datetime.date(2006, 6, 8))","(datetime.date(2006, 6, 9), datetime.date(2006, 7, 8))",0.0
"('GOOGL', 'GOOG')","(datetime.date(2005, 7, 11), datetime.date(2006, 7, 10))","(datetime.date(2006, 7, 11), datetime.date(2006, 8, 9))",0.0
"('GOOGL', 'GOOG')","(datetime.date(2005, 8, 9), datetime.date(2006, 8, 8))","(datetime.date(2006, 8, 9), datetime.date(2006, 9, 7))",0.0
"('GOOGL', 'GOOG')","(datetime.date(2005, 9, 8), datetime.date(2006, 9, 7))","(datetime.date(2006, 9, 8), datetime.date(2006, 10, 7))",0.0
"('GOOGL', 'GOOG')","(datetime.date(2005, 10, 7), datetime.date(2006, 10, 6))","(datetime.date(2006, 10, 7), datetime.date(2006, 11, 5))",-0.00142669677734375
"('GOOGL', 'GOOG')","(datetime.date(2005, 11, 7), datetime.date(2006, 11, 6))","(datetime.date(2006, 11, 7), datetime.date(2006, 12, 6))",-0.0018987655639630674
"('GOOGL', 'GOOG')","(datetime.date(2005, 12, 7), datetime.date(2006, 12, 6))","(datetime.date(2006, 12, 7), datetime.date(2007, 1, 5))",0.0
"('GOOGL', 'GOOG')","(datetime.date(2006, 1, 9), datetime.date(2007, 1, 8))","(datetime.date(2007, 1, 9), datetime.date(2007, 2, 7))",0.005406379699708808
"('GOOGL', 'GOOG')","(datetime.date(2006, 2, 8), datetime.date(2007, 2, 7))","(datetime.date(2007, 2, 8), datetime.date(2007, 3, 9))",0.0
"('GOOGL', 'GOOG')","(datetime.date(2006, 3, 10), datetime.date(2007, 3, 9))","(datetime.date(2007, 3, 10), datetime.date(2007, 4, 8))",0.0
"('GOOGL', 'GOOG')","(datetime.date(2006, 4, 10), datetime.date(2007, 4, 9))","(datetime.date(2007, 4, 10), datetime.date(2007, 5, 9))",0.0
"('GOOGL', 'GOOG')","(datetime.date(2006, 5, 10), datetime.date(2007, 5, 9))","(datetime.date(2007, 5, 10), datetime.date(2007, 6, 8))",0.0
"('GOOGL', 'GOOG')","(datetime.date(2006, 6, 9), datetime.date(2007, 6, 8))","(datetime.date(2007, 6, 9), datetime.date(2007, 7, 8))",-0.0009241104125976562
"('GOOGL', 'GOOG')","(datetime.date(2006, 7, 11), datetime.date(2007, 7, 10))","(datetime.date(2007, 7, 11), datetime.date(2007, 8, 9))",0.002862930297853339
"('GOOGL', 'GOOG')","(datetime.date(2006, 8, 9), datetime.date(2007, 8, 8))","(datetime.date(2007, 8, 9), datetime.date(2007, 9, 7))",0.0
"('GOOGL', 'GOOG')","(datetime.date(2006, 9, 8), datetime.date(2007, 9, 7))","(datetime.date(2007, 9, 8), datetime.date(2007, 10, 7))",-0.004846572875974786
"('GOOGL', 'GOOG')","(datetime.date(2006, 10, 9), datetime.date(2007, 10, 8))","(datetime.date(2007, 10, 9), datetime.date(2007, 11, 7))",-0.014888763427739704
"('GOOGL', 'GOOG')","(datetime.date(2006, 11, 7), datetime.date(2007, 11, 6))","(datetime.date(2007, 11, 7), datetime.date(2007, 12, 6))",0.0020809173583984375
"('GOOGL', 'GOOG')","(datetime.date(2006, 12, 7), datetime.date(2007, 12, 6))","(datetime.date(2007, 12, 7), datetime.date(2008, 1, 5))",0.0068073272705078125
"('GOOGL', 'GOOG')","(datetime.date(2007, 1, 10), datetime.date(2008, 1, 9))","(datetime.date(2008, 1, 10), datetime.date(2008, 2, 8))",0.0
"('GOOGL', 'GOOG')","(datetime.date(2007, 2, 9), datetime.date(2008, 2, 8))","(datetime.date(2008, 2, 9), datetime.date(2008, 3, 9))",0.0
"('GOOGL', 'GOOG')","(datetime.date(2007, 3, 13), datetime.date(2008, 3, 11))","(datetime.date(2008, 3, 12), datetime.date(2008, 4, 10))",0.0
"('GOOGL', 'GOOG')","(datetime.date(2007, 4, 12), datetime.date(2008, 4, 10))","(datetime.date(2008, 4, 11), datetime.date(2008, 5, 10))",0.0
"('GOOGL', 'GOOG')","(datetime.date(2007, 5, 11), datetime.date(2008, 5, 9))","(datetime.date(2008, 5, 10), datetime.date(2008, 6, 8))",0.0
"('GOOGL', 'GOOG')","(datetime.date(2007, 6, 12), datetime.date(2008, 6, 10))","(datetime.date(2008, 6, 11), datetime.date(2008, 7, 10))",0.0
"('GOOGL', 'GOOG')","(datetime.date(2007, 7, 12), datetime.date(2008, 7, 10))","(datetime.date(2008, 7, 11), datetime.date(2008, 8, 9))",0.0
"('GOOGL', 'GOOG')","(datetime.date(2007, 8, 10), datetime.date(2008, 8, 8))","(datetime.date(2008, 8, 9), datetime.date(2008, 9, 7))",0.0
"('GOOGL', 'GOOG')","(datetime.date(2007, 9, 11), datetime.date(2008, 9, 9))","(datetime.date(2008, 9, 10), datetime.date(2008, 10, 9))",-0.004938125610355115
"('GOOGL', 'GOOG')","(datetime.date(2007, 10, 10), datetime.date(2008, 10, 8))","(datetime.date(2008, 10, 9), datetime.date(2008, 11, 7))",0.0077333450317347285
"('GOOGL', 'GOOG')","(datetime.date(2007, 11, 8), datetime.date(2008, 11, 6))","(datetime.date(2008, 11, 7), datetime.date(2008, 12, 6))",-0.004089832305908203
"('GOOGL', 'GOOG')","(datetime.date(2007, 12, 10), datetime.date(2008, 12, 8))","(datetime.date(2008, 12, 9), datetime.date(2009, 1, 7))",0.0
"('GOOGL', 'GOOG')","(datetime.date(2008, 1, 10), datetime.date(2009, 1, 8))","(datetime.date(2009, 1, 9), datetime.date(2009, 2, 7))",0.0
"('GOOGL', 'GOOG')","(datetime.date(2008, 2, 11), datetime.date(2009, 2, 9))","(datetime.date(2009, 2, 10), datetime.date(2009, 3, 11))",0.0
"('GOOGL', 'GOOG')","(datetime.date(2008, 3, 12), datetime.date(2009, 3, 11))","(datetime.date(2009, 3, 12), datetime.date(2009, 4, 10))",0.0
"('GOOGL', 'GOOG')","(datetime.date(2008, 4, 11), datetime.date(2009, 4, 10))","(datetime.date(2009, 4, 11), datetime.date(2009, 5, 10))",0.0
"('GOOGL', 'GOOG')","(datetime.date(2008, 5, 12), datetime.date(2009, 5, 11))","(datetime.date(2009, 5, 12), datetime.date(2009, 6, 10))",0.0
"('GOOGL', 'GOOG')","(datetime.date(2008, 6, 11), datetime.date(2009, 6, 10))","(datetime.date(2009, 6, 11), datetime.date(2009, 7, 10))",0.0
"('GOOGL', 'GOOG')","(datetime.date(2008, 7, 11), datetime.date(2009, 7, 10))","(datetime.date(2009, 7, 11), datetime.date(2009, 8, 9))",0.0
"('GOOGL', 'GOOG')","(datetime.date(2008, 8, 11), datetime.date(2009, 8, 10))","(datetime.date(2009, 8, 11), datetime.date(2009, 9, 9))",0.0
"('GOOGL', 'GOOG')","(datetime.date(2008, 9, 10), datetime.date(2009, 9, 9))","(datetime.date(2009, 9, 10), datetime.date(2009, 10, 9))",-0.0032882690429723027
"('GOOGL', 'GOOG')","(datetime.date(2008, 10, 9), datetime.date(2009, 10, 8))","(datetime.date(2009, 10, 9), datetime.date(2009, 11, 7))",-0.004097938537597656
"('GOOGL', 'GOOG')","(datetime.date(2008, 11, 7), datetime.date(2009, 11, 6))","(datetime.date(2009, 11, 7), datetime.date(2009, 12, 6))",-0.0026445388793963076
"('GOOGL', 'GOOG')","(datetime.date(2008, 12, 9), datetime.date(2009, 12, 8))","(datetime.date(2009, 12, 9), datetime.date(2010, 1, 7))",-0.000597953796383166
"('GOOGL', 'GOOG')","(datetime.date(2009, 1, 9), datetime.date(2010, 1, 8))","(datetime.date(2010, 1, 9), datetime.date(2010, 2, 7))",0.0
"('GOOGL', 'GOOG')","(datetime.date(2009, 2, 10), datetime.date(2010, 2, 9))","(datetime.date(2010, 2, 10), datetime.date(2010, 3, 11))",0.0
"('GOOGL', 'GOOG')","(datetime.date(2009, 3, 12), datetime.date(2010, 3, 11))","(datetime.date(2010, 3, 12), datetime.date(2010, 4, 10))",0.0
"('GOOGL', 'GOOG')","(datetime.date(2009, 4, 13), datetime.date(2010, 4, 12))","(datetime.date(2010, 4, 13), datetime.date(2010, 5, 12))",0.0
"('GOOGL', 'GOOG')","(datetime.date(2009, 5, 12), datetime.date(2010, 5, 11))","(datetime.date(2010, 5, 12), datetime.date(2010, 6, 10))",0.0
"('GOOGL', 'GOOG')","(datetime.date(2009, 6, 11), datetime.date(2010, 6, 10))","(datetime.date(2010, 6, 11), datetime.date(2010, 7, 10))",0.0
"('GOOGL', 'GOOG')","(datetime.date(2009, 7, 13), datetime.date(2010, 7, 12))","(datetime.date(2010, 7, 13), datetime.date(2010, 8, 11))",0.0
"('GOOGL', 'GOOG')","(datetime.date(2009, 8, 11), datetime.date(2010, 8, 10))","(datetime.date(2010, 8, 11), datetime.date(2010, 9, 9))",0.0
"('GOOGL', 'GOOG')","(datetime.date(2009, 9, 10), datetime.date(2010, 9, 9))","(datetime.date(2010, 9, 10), datetime.date(2010, 10, 9))",0.0
"('GOOGL', 'GOOG')","(datetime.date(2009, 10, 9), datetime.date(2010, 10, 8))","(datetime.date(2010, 10, 9), datetime.date(2010, 11, 7))",-0.0005769729614257812
"('GOOGL', 'GOOG')","(datetime.date(2009, 11, 9), datetime.date(2010, 11, 8))","(datetime.date(2010, 11, 9), datetime.date(2010, 12, 8))",0.0
"('GOOGL', 'GOOG')","(datetime.date(2009, 12, 9), datetime.date(2010, 12, 8))","(datetime.date(2010, 12, 9), datetime.date(2011, 1, 7))",0.0
"('GOOGL', 'GOOG')","(datetime.date(2010, 1, 11), datetime.date(2011, 1, 10))","(datetime.date(2011, 1, 11), datetime.date(2011, 2, 9))",0.0009260177612322451
"('GOOGL', 'GOOG')","(datetime.date(2010, 2, 10), datetime.date(2011, 2, 9))","(datetime.date(2011, 2, 10), datetime.date(2011, 3, 11))",0.0
"('GOOGL', 'GOOG')","(datetime.date(2010, 3, 12), datetime.date(2011, 3, 11))","(datetime.date(2011, 3, 12), datetime.date(2011, 4, 10))",0.0
"('GOOGL', 'GOOG')","(datetime.date(2010, 4, 13), datetime.date(2011, 4, 12))","(datetime.date(2011, 4, 13), datetime.date(2011, 5, 12))",0.0
"('GOOGL', 'GOOG')","(datetime.date(2010, 5, 12), datetime.date(2011, 5, 11))","(datetime.date(2011, 5, 12), datetime.date(2011, 6, 10))",0.0
"('GOOGL', 'GOOG')","(datetime.date(2010, 6, 11), datetime.date(2011, 6, 10))","(datetime.date(2011, 6, 11), datetime.date(2011, 7, 10))",0.0
"('GOOGL', 'GOOG')","(datetime.date(2010, 7, 13), datetime.date(2011, 7, 12))","(datetime.date(2011, 7, 13), datetime.date(2011, 8, 11))",0.0
"('GOOGL', 'GOOG')","(datetime.date(2010, 8, 11), datetime.date(2011, 8, 10))","(datetime.date(2011, 8, 11), datetime.date(2011, 9, 9))",0.0
"('GOOGL', 'GOOG')","(datetime.date(2010, 9, 10), datetime.date(2011, 9, 9))","(datetime.date(2011, 9, 10), datetime.date(2011, 10, 9))",0.0
"('GOOGL', 'GOOG')","(datetime.date(2010, 10, 11), datetime.date(2011, 10, 10))","(datetime.date(2011, 10, 11), datetime.date(2011, 11, 9))",0.0
"('GOOGL', 'GOOG')","(datetime.date(2010, 11, 9), datetime.date(2011, 11, 8))","(datetime.date(2011, 11, 9), datetime.date(2011, 12, 8))",0.0
"('GOOGL', 'GOOG')","(datetime.date(2010, 12, 9), datetime.date(2011, 12, 8))","(datetime.date(2011, 12, 9), datetime.date(2012, 1, 7))",0.001811981201171875
"('GOOGL', 'GOOG')","(datetime.date(2011, 1, 10), datetime.date(2012, 1, 9))","(datetime.date(2012, 1, 10), datetime.date(2012, 2, 8))",0.0
"('GOOGL', 'GOOG')","(datetime.date(2011, 2, 9), datetime.date(2012, 2, 8))","(datetime.date(2012, 2, 9), datetime.date(2012, 3, 9))",0.0
"('GOOGL', 'GOOG')","(datetime.date(2011, 3, 11), datetime.date(2012, 3, 9))","(datetime.date(2012, 3, 10), datetime.date(2012, 4, 8))",0.0008640289306640625
"('GOOGL', 'GOOG')","(datetime.date(2011, 4, 11), datetime.date(2012, 4, 9))","(datetime.date(2012, 4, 10), datetime.date(2012, 5, 9))",0.0
"('GOOGL', 'GOOG')","(datetime.date(2011, 5, 11), datetime.date(2012, 5, 9))","(datetime.date(2012, 5, 10), datetime.date(2012, 6, 8))",0.0
"('GOOGL', 'GOOG')","(datetime.date(2011, 6, 10), datetime.date(2012, 6, 8))","(datetime.date(2012, 6, 9), datetime.date(2012, 7, 8))",0.0
"('GOOGL', 'GOOG')","(datetime.date(2011, 7, 12), datetime.date(2012, 7, 10))","(datetime.date(2012, 7, 11), datetime.date(2012, 8, 9))",0.0
"('GOOGL', 'GOOG')","(datetime.date(2011, 8, 10), datetime.date(2012, 8, 8))","(datetime.date(2012, 8, 9), datetime.date(2012, 9, 7))",-0.004405975341796875
"('GOOGL', 'GOOG')","(datetime.date(2011, 9, 9), datetime.date(2012, 9, 7))","(datetime.date(2012, 9, 8), datetime.date(2012, 10, 7))",-0.007863998413085938
"('GOOGL', 'GOOG')","(datetime.date(2011, 10, 10), datetime.date(2012, 10, 8))","(datetime.date(2012, 10, 9), datetime.date(2012, 11, 7))",0.005769729614261365
"('GOOGL', 'GOOG')","(datetime.date(2011, 11, 8), datetime.date(2012, 11, 6))","(datetime.date(2012, 11, 7), datetime.date(2012, 12, 6))",0.0
"('GOOGL', 'GOOG')","(datetime.date(2011, 12, 8), datetime.date(2012, 12, 6))","(datetime.date(2012, 12, 7), datetime.date(2013, 1, 5))",0.0
"('GOOGL', 'GOOG')","(datetime.date(2012, 1, 10), datetime.date(2013, 1, 8))","(datetime.date(2013, 1, 9), datetime.date(2013, 2, 7))",-0.0019683837890625
"('GOOGL', 'GOOG')","(datetime.date(2012, 2, 9), datetime.date(2013, 2, 7))","(datetime.date(2013, 2, 8), datetime.date(2013, 3, 9))",-0.005426406860355115
"('GOOGL', 'GOOG')","(datetime.date(2012, 3, 12), datetime.date(2013, 3, 11))","(datetime.date(2013, 3, 12), datetime.date(2013, 4, 10))",0.004484176635735082
"('GOOGL', 'GOOG')","(datetime.date(2012, 4, 11), datetime.date(2013, 4, 10))","(datetime.date(2013, 4, 11), datetime.date(2013, 5, 10))",-0.00406074523925426
"('GOOGL', 'GOOG')","(datetime.date(2012, 5, 10), datetime.date(2013, 5, 9))","(datetime.date(2013, 5, 10), datetime.date(2013, 6, 8))",0.0024909973144495723
"('GOOGL', 'GOOG')","(datetime.date(2012, 6, 11), datetime.date(2013, 6, 10))","(datetime.date(2013, 6, 11), datetime.date(2013, 7, 10))",-0.00010299682616832229
"('GOOGL', 'GOOG')","(datetime.date(2012, 7, 11), datetime.date(2013, 7, 10))","(datetime.date(2013, 7, 11), datetime.date(2013, 8, 9))",0.0003986358642578125
"('GOOGL', 'GOOG')","(datetime.date(2012, 8, 9), datetime.date(2013, 8, 8))","(datetime.date(2013, 8, 9), datetime.date(2013, 9, 7))",0.0
"('GOOGL', 'GOOG')","(datetime.date(2012, 9, 10), datetime.date(2013, 9, 9))","(datetime.date(2013, 9, 10), datetime.date(2013, 10, 9))",0.0
"('GOOGL', 'GOOG')","(datetime.date(2012, 10, 9), datetime.date(2013, 10, 8))","(datetime.date(2013, 10, 9), datetime.date(2013, 11, 7))",-0.0013294219970667598
"('GOOGL', 'GOOG')","(datetime.date(2012, 11, 9), datetime.date(2013, 11, 8))","(datetime.date(2013, 11, 9), datetime.date(2013, 12, 8))",-0.00696945190428977
"('GOOGL', 'GOOG')","(datetime.date(2012, 12, 11), datetime.date(2013, 12, 10))","(datetime.date(2013, 12, 11), datetime.date(2014, 1, 9))",-0.006225585937503553
"('GOOGL', 'GOOG')","(datetime.date(2013, 1, 11), datetime.date(2014, 1, 10))","(datetime.date(2014, 1, 11), datetime.date(2014, 2, 9))",-0.006404876708984375
"('GOOGL', 'GOOG')","(datetime.date(2013, 2, 12), datetime.date(2014, 2, 11))","(datetime.date(2014, 2, 12), datetime.date(2014, 3, 13))",-0.000278472900390625
"('GOOGL', 'GOOG')","(datetime.date(2013, 3, 14), datetime.date(2014, 3, 13))","(datetime.date(2014, 3, 14), datetime.date(2014, 4, 12))",-0.03349494934082031
"('GOOGL', 'GOOG')","(datetime.date(2013, 4, 15), datetime.date(2014, 4, 14))","(datetime.date(2014, 4, 15), datetime.date(2014, 5, 14))",0.24166870117187855
"('AES', 'MSI')","(datetime.date(2013, 5, 14), datetime.date(2014, 5, 13))","(datetime.date(2014, 5, 14), datetime.date(2014, 6, 12))",1.0760345458984375
"('AES', 'MSI')","(datetime.date(2013, 6, 13), datetime.date(2014, 6, 12))","(datetime.date(2014, 6, 13), datetime.date(2014, 7, 12))",0.2117919921875
"('NWSA', 'NWS')","(datetime.date(2013, 7, 15), datetime.date(2014, 7, 14))","(datetime.date(2014, 7, 15), datetime.date(2014, 8, 13))",0.07924842834472834
"('NWSA', 'NWS')","(datetime.date(2013, 8, 13), datetime.date(2014, 8, 12))","(datetime.date(2014, 8, 13), datetime.date(2014, 9, 11))",0.009334564208984375
"('NWSA', 'NWS')","(datetime.date(2013, 9, 12), datetime.date(2014, 9, 11))","(datetime.date(2014, 9, 12), datetime.date(2014, 10, 11))",-0.00016117095947265625
"('NWSA', 'NWS')","(datetime.date(2013, 10, 11), datetime.date(2014, 10, 10))","(datetime.date(2014, 10, 11), datetime.date(2014, 11, 9))",-0.08832740783691051
"('NWSA', 'NWS')","(datetime.date(2013, 11, 11), datetime.date(2014, 11, 10))","(datetime.date(2014, 11, 11), datetime.date(2014, 12, 10))",0.16693592071533025
"('NWSA', 'NWS')","(datetime.date(2013, 12, 11), datetime.date(2014, 12, 10))","(datetime.date(2014, 12, 11), datetime.date(2015, 1, 9))",0.3711328506469762
"('NWSA', 'NWS')","(datetime.date(2014, 1, 13), datetime.date(2015, 1, 12))","(datetime.date(2015, 1, 13), datetime.date(2015, 2, 11))",0.07142448425292969
"('AKAM', 'C')","(datetime.date(2014, 2, 12), datetime.date(2015, 2, 11))","(datetime.date(2015, 2, 12), datetime.date(2015, 3, 13))",-1.1910896301269531
"('NWSA', 'NWS')","(datetime.date(2014, 3, 14), datetime.date(2015, 3, 13))","(datetime.date(2015, 3, 14), datetime.date(2015, 4, 12))",0.12470626831055043
"('NWSA', 'NWS')","(datetime.date(2014, 4, 14), datetime.date(2015, 4, 13))","(datetime.date(2015, 4, 14), datetime.date(2015, 5, 13))",0.20505142211914595
"('NWSA', 'NWS')","(datetime.date(2014, 5, 14), datetime.date(2015, 5, 13))","(datetime.date(2015, 5, 14), datetime.date(2015, 6, 12))",0.0
"('NWSA', 'NWS')","(datetime.date(2014, 6, 13), datetime.date(2015, 6, 12))","(datetime.date(2015, 6, 13), datetime.date(2015, 7, 12))",0.18659687042236328
"('NWSA', 'NWS')","(datetime.date(2014, 7, 15), datetime.date(2015, 7, 14))","(datetime.date(2015, 7, 15), datetime.date(2015, 8, 13))",0.0
"('NWSA', 'NWS')","(datetime.date(2014, 8, 13), datetime.date(2015, 8, 12))","(datetime.date(2015, 8, 13), datetime.date(2015, 9, 11))",-0.12215614318847479
"('NWSA', 'NWS')","(datetime.date(2014, 9, 12), datetime.date(2015, 9, 11))","(datetime.date(2015, 9, 12), datetime.date(2015, 10, 11))",0.08734798431396307
"('NWSA', 'NWS')","(datetime.date(2014, 10, 13), datetime.date(2015, 10, 12))","(datetime.date(2015, 10, 13), datetime.date(2015, 11, 11))",0.054622650146484375
"('NWSA', 'NWS')","(datetime.date(2014, 11, 11), datetime.date(2015, 11, 10))","(datetime.date(2015, 11, 11), datetime.date(2015, 12, 10))",0.009828567504886365
"('NWSA', 'NWS')","(datetime.date(2014, 12, 11), datetime.date(2015, 12, 10))","(datetime.date(2015, 12, 11), datetime.date(2016, 1, 9))",-0.07873058319091619
"('NWSA', 'NWS')","(datetime.date(2015, 1, 13), datetime.date(2016, 1, 12))","(datetime.date(2016, 1, 13), datetime.date(2016, 2, 11))",0.0024871826171875
"('NWSA', 'NWS')","(datetime.date(2015, 2, 12), datetime.date(2016, 2, 11))","(datetime.date(2016, 2, 12), datetime.date(2016, 3, 12))",-0.019506454467775214
"('NWSA', 'NWS')","(datetime.date(2015, 3, 16), datetime.date(2016, 3, 14))","(datetime.date(2016, 3, 15), datetime.date(2016, 4, 13))",0.0
"('AKAM', 'C')","(datetime.date(2015, 4, 15), datetime.date(2016, 4, 13))","(datetime.date(2016, 4, 14), datetime.date(2016, 5, 13))",-0.693878173828125
"('AKAM', 'C')","(datetime.date(2015, 5, 14), datetime.date(2016, 5, 12))","(datetime.date(2016, 5, 13), datetime.date(2016, 6, 11))",1.697296142578125
"('AKAM', 'C')","(datetime.date(2015, 6, 15), datetime.date(2016, 6, 13))","(datetime.date(2016, 6, 14), datetime.date(2016, 7, 13))",0.5715255737304688
"('AKAM', 'C')","(datetime.date(2015, 7, 15), datetime.date(2016, 7, 13))","(datetime.date(2016, 7, 14), datetime.date(2016, 8, 12))",-0.08766937255859375
"('AKAM', 'C')","(datetime.date(2015, 8, 13), datetime.date(2016, 8, 11))","(datetime.date(2016, 8, 12), datetime.date(2016, 9, 10))",-0.5455169677734375
"('AKAM', 'C')","(datetime.date(2015, 9, 14), datetime.date(2016, 9, 12))","(datetime.date(2016, 9, 13), datetime.date(2016, 10, 12))",-0.088714599609375
"('AKAM', 'C')","(datetime.date(2015, 10, 13), datetime.date(2016, 10, 11))","(datetime.date(2016, 10, 12), datetime.date(2016, 11, 10))",0.42656707763671875
"('AKAM', 'C')","(datetime.date(2015, 11, 11), datetime.date(2016, 11, 9))","(datetime.date(2016, 11, 10), datetime.date(2016, 12, 9))",0.16565704345703125
"('AKAM', 'C')","(datetime.date(2015, 12, 11), datetime.date(2016, 12, 9))","(datetime.date(2016, 12, 10), datetime.date(2017, 1, 8))",0.0
"('AKAM', 'C')","(datetime.date(2016, 1, 13), datetime.date(2017, 1, 11))","(datetime.date(2017, 1, 12), datetime.date(2017, 2, 10))",0.2199249267578125
"('AKAM', 'C')","(datetime.date(2016, 2, 12), datetime.date(2017, 2, 10))","(datetime.date(2017, 2, 11), datetime.date(2017, 3, 12))",-0.7337799072265625
"('AKAM', 'C')","(datetime.date(2016, 3, 15), datetime.date(2017, 3, 14))","(datetime.date(2017, 3, 15), datetime.date(2017, 4, 13))",0.18837356567382102
"('AKAM', 'C')","(datetime.date(2016, 4, 14), datetime.date(2017, 4, 13))","(datetime.date(2017, 4, 14), datetime.date(2017, 5, 13))",-2.0433731079101634
"('AKAM', 'C')","(datetime.date(2016, 5, 13), datetime.date(2017, 5, 12))","(datetime.date(2017, 5, 13), datetime.date(2017, 6, 11))",-4.060676574707031
"('IPG', 'VRSN')","(datetime.date(2016, 6, 14), datetime.date(2017, 6, 13))","(datetime.date(2017, 6, 14), datetime.date(2017, 7, 13))",-4.841388702392592
"('IPG', 'VRSN')","(datetime.date(2016, 7, 14), datetime.date(2017, 7, 13))","(datetime.date(2017, 7, 14), datetime.date(2017, 8, 12))",-4.017108917236328
"('NWSA', 'NWS')","(datetime.date(2016, 8, 12), datetime.date(2017, 8, 11))","(datetime.date(2017, 8, 12), datetime.date(2017, 9, 10))",0.0
"('IPG', 'JNPR')","(datetime.date(2016, 9, 13), datetime.date(2017, 9, 12))","(datetime.date(2017, 9, 13), datetime.date(2017, 10, 12))",0.010101318359378553
"('IPG', 'JNPR')","(datetime.date(2016, 10, 12), datetime.date(2017, 10, 11))","(datetime.date(2017, 10, 12), datetime.date(2017, 11, 10))",0.0
"('IPG', 'JNPR')","(datetime.date(2016, 11, 10), datetime.date(2017, 11, 9))","(datetime.date(2017, 11, 10), datetime.date(2017, 12, 9))",0.6787538528442347
"('IPG', 'JNPR')","(datetime.date(2016, 12, 12), datetime.date(2017, 12, 11))","(datetime.date(2017, 12, 12), datetime.date(2018, 1, 10))",1.0860023498535156
"('TER', 'VRSN')","(datetime.date(2017, 1, 12), datetime.date(2018, 1, 11))","(datetime.date(2018, 1, 12), datetime.date(2018, 2, 10))",1.6438751220703125
"('NWSA', 'NWS')","(datetime.date(2017, 2, 13), datetime.date(2018, 2, 12))","(datetime.date(2018, 2, 13), datetime.date(2018, 3, 14))",0.23977375030517578
"('NWSA', 'NWS')","(datetime.date(2017, 3, 15), datetime.date(2018, 3, 14))","(datetime.date(2018, 3, 15), datetime.date(2018, 4, 13))",0.0
"('MSI', 'VRSN')","(datetime.date(2017, 4, 13), datetime.date(2018, 4, 12))","(datetime.date(2018, 4, 13), datetime.date(2018, 5, 12))",-0.6690444946289062
"('MSI', 'VRSN')","(datetime.date(2017, 5, 15), datetime.date(2018, 5, 14))","(datetime.date(2018, 5, 15), datetime.date(2018, 6, 13))",-3.730430603027358
"('MSI', 'VRSN')","(datetime.date(2017, 6, 14), datetime.date(2018, 6, 13))","(datetime.date(2018, 6, 14), datetime.date(2018, 7, 13))",1.5052337646484517
"('MSI', 'VRSN')","(datetime.date(2017, 7, 14), datetime.date(2018, 7, 13))","(datetime.date(2018, 7, 14), datetime.date(2018, 8, 12))",-3.0457611083984375
"('NWSA', 'NWS')","(datetime.date(2017, 8, 14), datetime.date(2018, 8, 13))","(datetime.date(2018, 8, 14), datetime.date(2018, 9, 12))",0.19591999053955078
"('NWSA', 'NWS')","(datetime.date(2017, 9, 13), datetime.date(2018, 9, 12))","(datetime.date(2018, 9, 13), datetime.date(2018, 10, 12))",0.20560169219970703
"('NWSA', 'NWS')","(datetime.date(2017, 10, 12), datetime.date(2018, 10, 11))","(datetime.date(2018, 10, 12), datetime.date(2018, 11, 10))",0.0
"('NWSA', 'NWS')","(datetime.date(2017, 11, 10), datetime.date(2018, 11, 9))","(datetime.date(2018, 11, 10), datetime.date(2018, 12, 9))",0.04669380187988459
"('NWSA', 'NWS')","(datetime.date(2017, 12, 12), datetime.date(2018, 12, 11))","(datetime.date(2018, 12, 12), datetime.date(2019, 1, 10))",0.0
"('NWSA', 'NWS')","(datetime.date(2018, 1, 12), datetime.date(2019, 1, 11))","(datetime.date(2019, 1, 12), datetime.date(2019, 2, 10))",0.13098716735839488
"('NWSA', 'NWS')","(datetime.date(2018, 2, 13), datetime.date(2019, 2, 12))","(datetime.date(2019, 2, 13), datetime.date(2019, 3, 14))",0.037491798400878906
"('AKAM', 'C')","(datetime.date(2018, 3, 15), datetime.date(2019, 3, 14))","(datetime.date(2019, 3, 15), datetime.date(2019, 4, 13))",0.8587684631347656
"('AKAM', 'C')","(datetime.date(2018, 4, 16), datetime.date(2019, 4, 15))","(datetime.date(2019, 4, 16), datetime.date(2019, 5, 15))",0.0
"('IPG', 'JNPR')","(datetime.date(2018, 5, 15), datetime.date(2019, 5, 14))","(datetime.date(2019, 5, 15), datetime.date(2019, 6, 13))",0.8234844207763707
"('IPG', 'JNPR')","(datetime.date(2018, 6, 14), datetime.date(2019, 6, 13))","(datetime.date(2019, 6, 14), datetime.date(2019, 7, 13))",0.0
"('IPG', 'JNPR')","(datetime.date(2018, 7, 16), datetime.date(2019, 7, 15))","(datetime.date(2019, 7, 16), datetime.date(2019, 8, 14))",0.0
"('IPG', 'JNPR')","(datetime.date(2018, 8, 14), datetime.date(2019, 8, 13))","(datetime.date(2019, 8, 14), datetime.date(2019, 9, 12))",0.3370971679687571
"('IPG', 'JNPR')","(datetime.date(2018, 9, 13), datetime.date(2019, 9, 12))","(datetime.date(2019, 9, 13), datetime.date(2019, 10, 12))",1.1247711181640625
"('AKAM', 'C')","(datetime.date(2018, 10, 12), datetime.date(2019, 10, 11))","(datetime.date(2019, 10, 12), datetime.date(2019, 11, 10))",-2.6156539916991974
"('AKAM', 'C')","(datetime.date(2018, 11, 12), datetime.date(2019, 11, 11))","(datetime.date(2019, 11, 12), datetime.date(2019, 12, 11))",0.0
"('AKAM', 'C')","(datetime.date(2018, 12, 13), datetime.date(2019, 12, 12))","(datetime.date(2019, 12, 13), datetime.date(2020, 1, 11))",0.0
"('AKAM', 'C')","(datetime.date(2019, 1, 15), datetime.date(2020, 1, 14))","(datetime.date(2020, 1, 15), datetime.date(2020, 2, 13))",-0.9634628295898295
"('AKAM', 'C')","(datetime.date(2019, 2, 14), datetime.date(2020, 2, 13))","(datetime.date(2020, 2, 14), datetime.date(2020, 3, 14))",-6.726593017578111
"('AKAM', 'C')","(datetime.date(2019, 3, 18), datetime.date(2020, 3, 16))","(datetime.date(2020, 3, 17), datetime.date(2020, 4, 15))",-9.78897476196289
"('JNPR', 'KHC')","(datetime.date(2019, 4, 16), datetime.date(2020, 4, 14))","(datetime.date(2020, 4, 15), datetime.date(2020, 5, 14))",0.04938697814941406
"('JNPR', 'KHC')","(datetime.date(2019, 5, 16), datetime.date(2020, 5, 14))","(datetime.date(2020, 5, 15), datetime.date(2020, 6, 13))",0.32923889160155895
"('JNPR', 'KHC')","(datetime.date(2019, 6, 17), datetime.date(2020, 6, 15))","(datetime.date(2020, 6, 16), datetime.date(2020, 7, 15))",-1.3749160766601598
"('NWSA', 'NWS')","(datetime.date(2019, 7, 17), datetime.date(2020, 7, 15))","(datetime.date(2020, 7, 16), datetime.date(2020, 8, 14))",-0.04783821105957031
"('NWSA', 'NWS')","(datetime.date(2019, 8, 15), datetime.date(2020, 8, 13))","(datetime.date(2020, 8, 14), datetime.date(2020, 9, 12))",-0.028774261474609375
"('NWSA', 'NWS')","(datetime.date(2019, 9, 16), datetime.date(2020, 9, 14))","(datetime.date(2020, 9, 15), datetime.date(2020, 10, 14))",-0.03860664367675959
"('NWSA', 'NWS')","(datetime.date(2019, 10, 15), datetime.date(2020, 10, 13))","(datetime.date(2020, 10, 14), datetime.date(2020, 11, 12))",-0.01933860778808949
"('NWSA', 'NWS')","(datetime.date(2019, 11, 13), datetime.date(2020, 11, 11))","(datetime.date(2020, 11, 12), datetime.date(2020, 12, 11))",0.0
"('NWSA', 'NWS')","(datetime.date(2019, 12, 13), datetime.date(2020, 12, 11))","(datetime.date(2020, 12, 12), datetime.date(2021, 1, 10))",-0.1924419403076172
"('NWSA', 'NWS')","(datetime.date(2020, 1, 15), datetime.date(2021, 1, 13))","(datetime.date(2021, 1, 14), datetime.date(2021, 2, 12))",0.1457195281982422
"('NWSA', 'NWS')","(datetime.date(2020, 2, 14), datetime.date(2021, 2, 12))","(datetime.date(2021, 2, 13), datetime.date(2021, 3, 14))",-0.009189605712894178
"('NWSA', 'NWS')","(datetime.date(2020, 3, 17), datetime.date(2021, 3, 16))","(datetime.date(2021, 3, 17), datetime.date(2021, 4, 15))",-0.3674392700195348
"('NWSA', 'NWS')","(datetime.date(2020, 4, 16), datetime.date(2021, 4, 15))","(datetime.date(2021, 4, 16), datetime.date(2021, 5, 15))",-0.058025360107421875
"('FOXA', 'FOX')","(datetime.date(2020, 5, 15), datetime.date(2021, 5, 14))","(datetime.date(2021, 5, 15), datetime.date(2021, 6, 13))",-0.09704971313476562
"('FOXA', 'FOX')","(datetime.date(2020, 6, 16), datetime.date(2021, 6, 15))","(datetime.date(2021, 6, 16), datetime.date(2021, 7, 15))",0.030498504638671875
"('FOXA', 'FOX')","(datetime.date(2020, 7, 16), datetime.date(2021, 7, 15))","(datetime.date(2021, 7, 16), datetime.date(2021, 8, 14))",-0.20526885986328125
"('NWSA', 'NWS')","(datetime.date(2020, 8, 14), datetime.date(2021, 8, 13))","(datetime.date(2021, 8, 14), datetime.date(2021, 9, 12))",0.5116386413574148
"('NWSA', 'NWS')","(datetime.date(2020, 9, 15), datetime.date(2021, 9, 14))","(datetime.date(2021, 9, 15), datetime.date(2021, 10, 14))",0.0
"('NWSA', 'NWS')","(datetime.date(2020, 10, 14), datetime.date(2021, 10, 13))","(datetime.date(2021, 10, 14), datetime.date(2021, 11, 12))",0.16502189636230824
"('NWSA', 'NWS')","(datetime.date(2020, 11, 12), datetime.date(2021, 11, 11))","(datetime.date(2021, 11, 12), datetime.date(2021, 12, 11))",0.14612197875977273
"('NWSA', 'NWS')","(datetime.date(2020, 12, 14), datetime.date(2021, 12, 13))","(datetime.date(2021, 12, 14), datetime.date(2022, 1, 12))",0.0
"('NWSA', 'NWS')","(datetime.date(2021, 1, 14), datetime.date(2022, 1, 13))","(datetime.date(2022, 1, 14), datetime.date(2022, 2, 12))",0.0
"('NWSA', 'NWS')","(datetime.date(2021, 2, 16), datetime.date(2022, 2, 15))","(datetime.date(2022, 2, 16), datetime.date(2022, 3, 17))",-0.01883888244628551
"('NWSA', 'NWS')","(datetime.date(2021, 3, 17), datetime.date(2022, 3, 16))","(datetime.date(2022, 3, 17), datetime.date(2022, 4, 15))",0.03921508789062145
"('NWSA', 'NWS')","(datetime.date(2021, 4, 16), datetime.date(2022, 4, 15))","(datetime.date(2022, 4, 16), datetime.date(2022, 5, 15))",0.11556434631348012
"('NWSA', 'NWS')","(datetime.date(2021, 5, 17), datetime.date(2022, 5, 16))","(datetime.date(2022, 5, 17), datetime.date(2022, 6, 15))",0.10785102844238281
"('NWSA', 'NWS')","(datetime.date(2021, 6, 16), datetime.date(2022, 6, 15))","(datetime.date(2022, 6, 16), datetime.date(2022, 7, 15))",-4.7683715816759786e-05
"('NWSA', 'NWS')","(datetime.date(2021, 7, 16), datetime.date(2022, 7, 15))","(datetime.date(2022, 7, 16), datetime.date(2022, 8, 14))",0.028947830200195312
"('NWSA', 'NWS')","(datetime.date(2021, 8, 16), datetime.date(2022, 8, 15))","(datetime.date(2022, 8, 16), datetime.date(2022, 9, 14))",0.00014686584473011521
"('NWSA', 'NWS')","(datetime.date(2021, 9, 15), datetime.date(2022, 9, 14))","(datetime.date(2022, 9, 15), datetime.date(2022, 10, 14))",-0.06843757629394531
"('NWSA', 'NWS')","(datetime.date(2021, 10, 14), datetime.date(2022, 10, 13))","(datetime.date(2022, 10, 14), datetime.date(2022, 11, 12))",0.12739181518554688
"('NWSA', 'NWS')","(datetime.date(2021, 11, 12), datetime.date(2022, 11, 11))","(datetime.date(2022, 11, 12), datetime.date(2022, 12, 11))",0.0
"('NWSA', 'NWS')","(datetime.date(2021, 12, 14), datetime.date(2022, 12, 13))","(datetime.date(2022, 12, 14), datetime.date(2023, 1, 12))",0.06905174255371094
"('NWSA', 'NWS')","(datetime.date(2022, 1, 13), datetime.date(2023, 1, 12))","(datetime.date(2023, 1, 13), datetime.date(2023, 2, 11))",0.0
"('NWSA', 'NWS')","(datetime.date(2022, 2, 14), datetime.date(2023, 2, 13))","(datetime.date(2023, 2, 14), datetime.date(2023, 3, 15))",0.0
"('NWSA', 'NWS')","(datetime.date(2022, 3, 16), datetime.date(2023, 3, 15))","(datetime.date(2023, 3, 16), datetime.date(2023, 4, 14))",0.03968715667724432
"('NWSA', 'NWS')","(datetime.date(2022, 4, 14), datetime.date(2023, 4, 13))","(datetime.date(2023, 4, 14), datetime.date(2023, 5, 13))",0.019731521606445312
"('NWSA', 'NWS')","(datetime.date(2022, 5, 16), datetime.date(2023, 5, 15))","(datetime.date(2023, 5, 16), datetime.date(2023, 6, 14))",0.0
"('NWSA', 'NWS')","(datetime.date(2022, 6, 15), datetime.date(2023, 6, 14))","(datetime.date(2023, 6, 15), datetime.date(2023, 7, 14))",0.0
"('NWSA', 'NWS')","(datetime.date(2022, 7, 18), datetime.date(2023, 7, 17))","(datetime.date(2023, 7, 18), datetime.date(2023, 8, 16))",-0.0994110107421875
"('NWSA', 'NWS')","(datetime.date(2022, 8, 16), datetime.date(2023, 8, 15))","(datetime.date(2023, 8, 16), datetime.date(2023, 9, 14))",-0.16807174682616832
"('NWSA', 'NWS')","(datetime.date(2022, 9, 15), datetime.date(2023, 9, 14))","(datetime.date(2023, 9, 15), datetime.date(2023, 10, 14))",-0.11930274963378906
"('NWSA', 'NWS')","(datetime.date(2022, 10, 14), datetime.date(2023, 10, 13))","(datetime.date(2023, 10, 14), datetime.date(2023, 11, 12))",0.029687881469726562
"('NWSA', 'NWS')","(datetime.date(2022, 11, 14), datetime.date(2023, 11, 13))","(datetime.date(2023, 11, 14), datetime.date(2023, 12, 13))",-0.15904998779296875
"('NWSA', 'NWS')","(datetime.date(2022, 12, 14), datetime.date(2023, 12, 13))","(datetime.date(2023, 12, 14), datetime.date(2024, 1, 12))",0.05942916870116477
"('NWSA', 'NWS')","(datetime.date(2023, 1, 17), datetime.date(2024, 1, 16))","(datetime.date(2024, 1, 17), datetime.date(2024, 2, 15))",0.019826889038082385
"('NWSA', 'NWS')","(datetime.date(2023, 2, 15), datetime.date(2024, 2, 14))","(datetime.date(2024, 2, 15), datetime.date(2024, 3, 15))",7.05718994140625e-05
"('NWSA', 'NWS')","(datetime.date(2023, 3, 17), datetime.date(2024, 3, 15))","(datetime.date(2024, 3, 16), datetime.date(2024, 4, 14))",-0.00020408630370738479
"('NWSA', 'NWS')","(datetime.date(2023, 4, 18), datetime.date(2024, 4, 16))","(datetime.date(2024, 4, 17), datetime.date(2024, 5, 16))",0.019948959350585938
